num,numbers
1,20200001
2,20200002
3,20200003
4,20200004
5,20200005
6,20200006
7,20200007
8,20200008
9,20200009
10,20200010
11,20200011
12,20200012
13,20200013
14,20200014
15,20200015
16,20200016
17,20200017
18,20200018
19,20200019
20,20200020
21,20200021
22,20200022
23,20200023
24,20200024
25,20200025
26,20200026
27,20200027
28,20200028
29,20200029
30,20200030
31,20200031
32,20200032
33,20200033
34,20200034
35,20200035
36,20200036
37,20200037
38,20200038
39,20200039
40,20200040
41,20200041
42,20200042
43,20200043
44,20200044
45,20200045
46,20200046
47,20200047
48,20200048
49,20200049
50,20200050
51,20200051
52,20200052
53,20200053
54,20200054
55,20200055
56,20200056
57,20200057
58,20200058
59,20200059
60,20200060
61,20200061
62,20200062
63,20200063
64,20200064
